{"interpolation_input":{"surface_points":{"sp_coords":[[0.0,0.0,5.5],[5.0,0.0,5.5],[10.0,0.0,5.5],[0.0,10.0,5.5],[5.0,10.0,5.5],[10.0,10.0,5.5],[0.0,0.0,5.0],[3.0,0.0,3.0],[5.0,0.0,2.0],[7.0,0.0,3.0],[10.0,0.0,5.0],[0.0,10.0,5.0],[3.0,10.0,3.0],[5.0,10.0,2.0],[7.0,10.0,3.0],[10.0,10.0,5.0]]},"orientations":{"dip_positions":[[5.0,0.0,5.5],[5.0,10.0,5.5],[8.0,0.0,3.6],[2.0,0.0,3.0],[8.0,10.0,3.6],[2.0,10.0,3.0]],"dip_gradients":[[0.0,0.0,1.0],[0.0,0.0,1.0],[-0.5131531,0.167030439,0.841887653],[0.629605234,0.213967547,0.7468703],[-0.5131531,0.167030439,0.841887653],[0.629605234,0.213967547,0.7468703]]}},"input_data_descriptor":{"masking_descriptor":[1,1],"number_of_points_per_surface":[6,10],"number_of_points_per_stack":[6,10],"number_of_surfaces_per_stack":[1,1],"number_of_orientations_per_stack":[2,4]}}