{
  "interpolation_input": {
    "surface_points": {
      "sp_coords": [
        [
          10.0,
          15.0,
          3.0
        ],
        [
          5.0,
          15.0,
          3.0
        ],
        [
          15.0,
          20.0,
          3.0
        ],
        [
          5.0,
          18.0,
          3.0
        ]
      ]
    },
    "orientations": {
      "dip_positions": {
        "dip_positions": [
          [
            7.83,
            15.0,
            3.0
          ],
          [
            10.0,
            18.7,
            3.0
          ]
        ]
      },
      "dip_gradients": {
        "dip_gradients": [
          [
            -1.0,
            -6.123233995736766E-17,
            6.123233995736766E-17
          ],
          [
            -0.2154482194843059,
            -0.13524673112724214,
            0.96710412388761835
          ]
        ]
      }
    }
  },
  "input_data_descriptor": {
    "number_of_points_per_surface": [
      1,
      1
    ],
    "number_of_points_per_stack": [
      1,
      1
    ],
    "number_of_orientations_per_stack": [
      1,
      1
    ],
    "number_of_surfaces_per_stack": [
      1,
      1
    ],
    "masking_descriptor": [1]
  }
}