{
  "Interface_points": [
    {
      "X": 5.0,
      "Y": 10.0,
      "Z": 2.0,
      "Id": 0,
      "Stack": 0,
      "Color": [
        0.735849,
        0.433693022,
        0.0242969152,
        0.0
      ]
    },
    {
      "X": 5.0,
      "Y": 10.0,
      "Z": 15.0,
      "Id": 0,
      "Stack": 0,
      "Color": [
        0.735849,
        0.433693022,
        0.0242969152,
        0.0
      ]
    },
    {
      "X": 15.0,
      "Y": 10.0,
      "Z": 15.0,
      "Id": 0,
      "Stack": 0,
      "Color": [
        0.735849,
        0.433693022,
        0.0242969152,
        0.0
      ]
    },
    {
      "X": 15.0,
      "Y": 10.0,
      "Z": 2.0,
      "Id": 0,
      "Stack": 0,
      "Color": [
        0.735849,
        0.433693022,
        0.0242969152,
        0.0
      ]
    }
  ],
  "Orientation_points": [
    {
      "X": 8.0,
      "Y": 10.0,
      "Z": 8.0,
      "Azimuth": 90.0,
      "Inclination": 0.0,
      "Polarity": 1.0,
      "Id": 0,
      "Stack": 0,
      "Color": [
        0.735849,
        0.433693022,
        0.0242969152,
        0.0
      ]
    }
  ]
}