{
  "Interface_points": [],
  "Orientation_points": [
    {
      "X": 5.0,
      "Y": 0.0,
      "Z": 0.0,
      "Azimuth": 219.656876,
      "Inclination": 41.2346954,
      "Polarity": 1.0,
      "Id": 0,
      "Stack": 0,
      "Color": [
        0.735849,
        0.433693022,
        0.0242969152,
        0.0
      ]
    },
    {
      "X": 10.0,
      "Y": 4.0,
      "Z": 0.0,
      "Azimuth": 90.0,
      "Inclination": 0.0,
      "Polarity": 1.0,
      "Id": 1,
      "Stack": 0,
      "Color": [
        0.735849,
        0.433693022,
        0.0242969152,
        0.0
      ]
    },
    {
      "X": 13.0,
      "Y": 0.0,
      "Z": 0.0,
      "Azimuth": 22.19378,
      "Inclination": 51.6951141,
      "Polarity": 1.0,
      "Id": 2,
      "Stack": 0,
      "Color": [
        0.735849,
        0.433693022,
        0.0242969152,
        0.0
      ]
    },
    {
      "X": 7.8,
      "Y": 2.34,
      "Z": 0.0,
      "Azimuth": 214.273453,
      "Inclination": 44.6157227,
      "Polarity": 1.0,
      "Id": 3,
      "Stack": 0,
      "Color": [
        0.735849,
        0.433693022,
        0.0242969152,
        0.0
      ]
    }
  ]
}